Municipality,County,Year,Adoption Year,adopted_this_year,ordinance_profile_population,municipal_population,percent_25_plus_high_school_or_higher,non_hispanic_white_share,per_capita_income,per_capita_spending,texas_smoker_percentage,proportion_state_population_local_restriction
Abilene,"Taylor, Jones",2009,2014,0,125182,116168,81.55,64.9,20206,1959.48,17.9,0.181996
Abilene,"Taylor, Jones",2010,2014,0,125182,116637,81.38,62.89,20826,1959.48,15.8,0.175965
Abilene,"Taylor, Jones",2011,2014,0,125182,117566,82.17,62.5,20825,1959.48,19.2,0.185339
Abilene,"Taylor, Jones",2012,2014,0,125182,118484,82.33,61.52,21206,1959.48,18.1,0.191585
Abilene,"Taylor, Jones",2013,2014,0,125182,119721,82.78,61.21,20762,1959.48,15.9,0.195921
Abilene,"Taylor, Jones",2014,2014,1,125182,120776,83.08,60.53,21095,1959.48,14.6,0.23083
Alamo,Hidalgo,2009,2017,0,19493,16929,55.46,16.66,12110,1383.49,17.9,0.181996
Alamo,Hidalgo,2010,2017,0,19493,17816,59.06,15.99,13202,1383.49,15.8,0.175965
Alamo,Hidalgo,2011,2017,0,19493,18145,61.28,16.09,14890,1383.49,19.2,0.185339
Alamo,Hidalgo,2012,2017,0,19493,18345,61.48,16.85,15683,1383.49,18.1,0.191585
Alamo,Hidalgo,2013,2017,0,19493,18658,59.38,14.73,15078,1383.49,15.9,0.195921
Alamo,Hidalgo,2014,2017,0,19493,18907,61.9,14.56,16007,1383.49,14.6,0.23083
Alamo,Hidalgo,2015,2017,0,19493,18943,62.79,13.71,15787,1383.49,15.2,0.245775
Alamo,Hidalgo,2016,2017,0,19493,19021,62.57,13.2,15164,1383.49,14.2,0.258409
Alamo,Hidalgo,2017,2017,1,19493,19442,65.44,12.69,14675,1383.49,15.7,0.325654
Anthony,El Paso,2009,2017,0,3671,4212,64.54,13.2,10230,488.68,17.9,0.181996
Anthony,El Paso,2010,2017,0,3671,4766,69.01,13.01,11287,488.68,15.8,0.175965
Anthony,El Paso,2011,2017,0,3671,4875,75.28,15.82,10576,488.68,19.2,0.185339
Anthony,El Paso,2012,2017,0,3671,4992,78.4,14.58,10963,488.68,18.1,0.191585
Anthony,El Paso,2013,2017,0,3671,5102,79.72,14.35,11099,488.68,15.9,0.195921
Anthony,El Paso,2014,2017,0,3671,5218,76.99,13.28,11849,488.68,14.6,0.23083
Anthony,El Paso,2015,2017,0,3671,5305,78.18,12.08,12382,488.68,15.2,0.245775
Anthony,El Paso,2016,2017,0,3671,5402,78.22,10.2,13337,488.68,14.2,0.258409
Anthony,El Paso,2017,2017,1,3671,5503,77.09,11.03,13616,488.68,15.7,0.325654
Arlington,Tarrant,2009,2017,0,394266,370217,84.55,47.99,25024,1586.74,17.9,0.181996
Arlington,Tarrant,2010,2017,0,394266,359410,84.58,45.73,25045,1586.74,15.8,0.175965
Arlington,Tarrant,2011,2017,0,394266,363933,84.13,44.22,25317,1586.74,19.2,0.185339
Arlington,Tarrant,2012,2017,0,394266,367154,84.17,43.91,25468,1586.74,18.1,0.191585
Arlington,Tarrant,2013,2017,0,394266,371267,84.33,43.48,25456,1586.74,15.9,0.195921
Arlington,Tarrant,2014,2017,0,394266,375305,84.56,42.87,25236,1586.74,14.6,0.23083
Arlington,Tarrant,2015,2017,0,394266,379716,84.75,42.13,25368,1586.74,15.2,0.245775
Arlington,Tarrant,2016,2017,0,394266,383899,84.59,41.54,25957,1586.74,14.2,0.258409
Arlington,Tarrant,2017,2017,1,394266,388225,84.75,40.08,26627,1586.74,15.7,0.325654
Austin,"Travis, Williamson",2009,2017,0,961855,747984,84.32,49.78,30063,4930.89,17.9,0.181996
Austin,"Travis, Williamson",2010,2017,0,961855,764129,85.09,49.03,30286,4930.89,15.8,0.175965
Austin,"Travis, Williamson",2011,2017,0,961855,782149,85.6,48.62,31170,4930.89,19.2,0.185339
Austin,"Travis, Williamson",2012,2017,0,961855,799939,86.09,48.63,31387,4930.89,18.1,0.191585
Austin,"Travis, Williamson",2013,2017,0,961855,836800,86.69,49.11,31990,4930.89,15.9,0.195921
Austin,"Travis, Williamson",2014,2017,0,961855,864218,87.01,48.66,32672,4930.89,14.6,0.23083
Austin,"Travis, Williamson",2015,2017,0,961855,887061,87.54,48.68,34015,4930.89,15.2,0.245775
Austin,"Travis, Williamson",2016,2017,0,961855,907779,88.0,48.89,35672,4930.89,14.2,0.258409
Austin,"Travis, Williamson",2017,2017,1,961855,916906,88.54,48.56,37888,4930.89,15.7,0.325654
Beeville,Bee,2009,2018,0,13669,12517,68.0,28.21,14587,1799.92,17.9,0.181996
Beeville,Bee,2010,2018,0,13669,13344,66.24,27.47,11182,1799.92,15.8,0.175965
Beeville,Bee,2011,2018,0,13669,13160,68.56,26.95,14067,1799.92,19.2,0.185339
Beeville,Bee,2012,2018,0,13669,13058,70.29,30.39,15849,1799.92,18.1,0.191585
Beeville,Bee,2013,2018,0,13669,13068,71.89,30.9,17781,1799.92,15.9,0.195921
Beeville,Bee,2014,2018,0,13669,13102,72.35,28.21,17541,1799.92,14.6,0.23083
Beeville,Bee,2015,2018,0,13669,13192,76.02,26.61,18947,1799.92,15.2,0.245775
Beeville,Bee,2016,2018,0,13669,13209,73.5,26.7,19255,1799.92,14.2,0.258409
Beeville,Bee,2017,2018,0,13669,13117,74.44,26.2,19389,1799.92,15.7,0.325654
Beeville,Bee,2018,2018,1,13669,13044,77.45,26.65,18557,1799.92,14.4,0.364026
Benbrook,Tarrant,2009,2014,0,24520,22565,93.5,83.22,32310,729.54,17.9,0.181996
Benbrook,Tarrant,2010,2014,0,24520,21047,94.69,81.94,33059,729.54,15.8,0.175965
Benbrook,Tarrant,2011,2014,0,24520,21249,94.89,80.86,32922,729.54,19.2,0.185339
Benbrook,Tarrant,2012,2014,0,24520,21433,94.26,81.28,33706,729.54,18.1,0.191585
Benbrook,Tarrant,2013,2014,0,24520,21655,93.49,79.33,34209,729.54,15.9,0.195921
Benbrook,Tarrant,2014,2014,1,24520,21898,93.81,77.08,34236,729.54,14.6,0.23083
Bonham,Fannin,2009,2015,0,10408,10513,78.11,69.19,14692,250.79,17.9,0.181996
Bonham,Fannin,2010,2015,0,10408,10208,81.52,66.48,16301,250.79,15.8,0.175965
Bonham,Fannin,2011,2015,0,10408,10169,76.67,65.45,15771,250.79,19.2,0.185339
Bonham,Fannin,2012,2015,0,10408,10147,76.44,66.73,15445,250.79,18.1,0.191585
Bonham,Fannin,2013,2015,0,10408,10083,78.35,66.1,15687,250.79,15.9,0.195921
Bonham,Fannin,2014,2015,0,10408,10059,75.55,70.87,15572,250.79,14.6,0.23083
Bonham,Fannin,2015,2015,1,10408,10044,74.64,66.52,14976,250.79,15.2,0.245775
Brookshire,Waller,2009,2017,0,5066,3808,63.24,17.12,16145,680.56,17.9,0.181996
Brookshire,Waller,2010,2017,0,5066,4486,63.11,13.64,14754,680.56,15.8,0.175965
Brookshire,Waller,2011,2017,0,5066,4594,63.94,11.36,14570,680.56,19.2,0.185339
Brookshire,Waller,2012,2017,0,5066,4656,64.71,12.8,14454,680.56,18.1,0.191585
Brookshire,Waller,2013,2017,0,5066,4748,69.35,12.36,13110,680.56,15.9,0.195921
Brookshire,Waller,2014,2017,0,5066,4804,67.47,16.63,12972,680.56,14.6,0.23083
Brookshire,Waller,2015,2017,0,5066,4879,62.05,18.3,14400,680.56,15.2,0.245775
Brookshire,Waller,2016,2017,0,5066,4999,71.79,15.28,15205,680.56,14.2,0.258409
Brookshire,Waller,2017,2017,1,5066,5087,75.53,13.31,16686,680.56,15.7,0.325654
Brownsville,Cameron,2009,2012,0,186738,170584,59.49,6.29,11824,2824.82,17.9,0.181996
Brownsville,Cameron,2010,2012,0,186738,169599,59.16,5.48,12130,2824.82,15.8,0.175965
Brownsville,Cameron,2011,2012,0,186738,172491,60.29,5.22,12900,2824.82,19.2,0.185339
Brownsville,Cameron,2012,2012,1,186738,175210,61.8,5.17,13556,2824.82,18.1,0.191585
Bryan,Brazos,2009,2019,0,83980,71977,76.44,48.77,18702,6096.43,17.9,0.181996
Bryan,Brazos,2010,2019,0,83980,73531,76.85,44.78,18930,6096.43,15.8,0.175965
Bryan,Brazos,2011,2019,0,83980,74844,77.44,44.17,19015,6096.43,19.2,0.185339
Bryan,Brazos,2012,2019,0,83980,76082,77.63,44.29,19793,6096.43,18.1,0.191585
Bryan,Brazos,2013,2019,0,83980,77139,77.63,42.08,19816,6096.43,15.9,0.195921
Bryan,Brazos,2014,2019,0,83980,78368,77.26,41.34,20499,6096.43,14.6,0.23083
Bryan,Brazos,2015,2019,0,83980,79411,78.42,41.06,21159,6096.43,15.2,0.245775
Bryan,Brazos,2016,2019,0,83980,80552,78.09,40.65,22330,6096.43,14.2,0.258409
Bryan,Brazos,2017,2019,0,83980,81743,78.81,40.85,23092,6096.43,15.7,0.325654
Bryan,Brazos,2018,2019,0,83980,83199,79.17,40.19,24111,6096.43,14.4,0.364026
Bryan,Brazos,2019,2019,1,83980,84096,80.44,39.51,24497,6096.43,14.6,0.425187
Burkburnett,Wichita,2009,2019,0,10939,10602,86.29,87.1,22766,1074.7,17.9,0.181996
Burkburnett,Wichita,2010,2019,0,10939,10786,88.01,91.31,24256,1074.7,15.8,0.175965
Burkburnett,Wichita,2011,2019,0,10939,10774,88.22,89.46,25350,1074.7,19.2,0.185339
Burkburnett,Wichita,2012,2019,0,10939,10773,87.82,88.51,25173,1074.7,18.1,0.191585
Burkburnett,Wichita,2013,2019,0,10939,10829,87.3,86.38,23466,1074.7,15.9,0.195921
Burkburnett,Wichita,2014,2019,0,10939,10915,87.16,84.73,24062,1074.7,14.6,0.23083
Burkburnett,Wichita,2015,2019,0,10939,10960,89.32,82.58,23695,1074.7,15.2,0.245775
Burkburnett,Wichita,2016,2019,0,10939,11046,88.95,81.28,24658,1074.7,14.2,0.258409
Burkburnett,Wichita,2017,2019,0,10939,11100,88.64,81.35,24002,1074.7,15.7,0.325654
Burkburnett,Wichita,2018,2019,0,10939,11170,89.81,81.62,24922,1074.7,14.4,0.364026
Burkburnett,Wichita,2019,2019,1,10939,11167,91.21,82.86,25123,1074.7,14.6,0.425187
College Station,Brazos,2009,2010,0,120511,80972,91.53,71.53,18226,2128.71,17.9,0.181996
College Station,Brazos,2010,2010,1,120511,88541,93.18,69.18,20079,2128.71,15.8,0.175965
Combes,Cameron,2009,2018,0,2999,2825,58.54,11.19,11333,2.96,17.9,0.181996
Combes,Cameron,2010,2018,0,2999,2904,61.78,12.6,11550,2.96,15.8,0.175965
Combes,Cameron,2011,2018,0,2999,2911,65.24,11.92,13525,2.96,19.2,0.185339
Combes,Cameron,2012,2018,0,2999,2939,66.93,15.65,12649,2.96,18.1,0.191585
Combes,Cameron,2013,2018,0,2999,2968,63.36,13.81,14210,2.96,15.9,0.195921
Combes,Cameron,2014,2018,0,2999,2991,65.22,15.68,14793,2.96,14.6,0.23083
Combes,Cameron,2015,2018,0,2999,3019,66.99,15.8,15817,2.96,15.2,0.245775
Combes,Cameron,2016,2018,0,2999,3041,66.52,14.07,17648,2.96,14.2,0.258409
Combes,Cameron,2017,2018,0,2999,3048,67.48,11.25,19080,2.96,15.7,0.325654
Combes,Cameron,2018,2018,1,2999,3031,67.49,12.41,17466,2.96,14.4,0.364026
Copperas Cove,"Coryell, Lampasas",2009,2013,0,36670,29604,89.37,54.4,20712,1143.56,17.9,0.181996
Copperas Cove,"Coryell, Lampasas",2010,2013,0,36670,31595,91.5,59.17,21346,1143.56,15.8,0.175965
Copperas Cove,"Coryell, Lampasas",2011,2013,0,36670,31793,92.51,60.95,22357,1143.56,19.2,0.185339
Copperas Cove,"Coryell, Lampasas",2012,2013,0,36670,32639,92.06,61.1,22544,1143.56,18.1,0.191585
Copperas Cove,"Coryell, Lampasas",2013,2013,1,36670,32869,92.21,60.77,22223,1143.56,15.9,0.195921
Corpus Christi,"Nueces, Kleberg, San Patricio",2009,2009,1,317863,283843,79.28,35.14,22318,2194.09,17.9,0.181996
Dallas,"Dallas, Denton, Collin, Kaufman",2009,2009,1,1304379,1269204,71.91,30.95,26440,3424.74,17.9,0.181996
DeSoto,Dallas,2009,2015,0,56145,46291,90.37,26.33,26864,1507.99,17.9,0.181996
DeSoto,Dallas,2010,2015,0,56145,46624,92.3,22.83,27194,1507.99,15.8,0.175965
DeSoto,Dallas,2011,2015,0,56145,47786,92.87,20.43,27559,1507.99,19.2,0.185339
DeSoto,Dallas,2012,2015,0,56145,49011,92.58,19.41,27262,1507.99,18.1,0.191585
DeSoto,Dallas,2013,2015,0,56145,50014,91.63,17.72,28021,1507.99,15.9,0.195921
DeSoto,Dallas,2014,2015,0,56145,50837,90.82,16.22,27576,1507.99,14.6,0.23083
DeSoto,Dallas,2015,2015,1,56145,51478,90.51,14.22,28448,1507.99,15.2,0.245775
Del Rio,Val Verde,2009,2017,0,34673,36085,60.41,15.19,14761,1474.11,17.9,0.181996
Del Rio,Val Verde,2010,2017,0,34673,35223,63.23,14.31,15677,1474.11,15.8,0.175965
Del Rio,Val Verde,2011,2017,0,34673,35396,64.11,13.95,16528,1474.11,19.2,0.185339
Del Rio,Val Verde,2012,2017,0,34673,35471,64.84,14.03,16625,1474.11,18.1,0.191585
Del Rio,Val Verde,2013,2017,0,34673,35578,66.75,14.29,17107,1474.11,15.9,0.195921
Del Rio,Val Verde,2014,2017,0,34673,36081,66.87,13.87,18301,1474.11,14.6,0.23083
Del Rio,Val Verde,2015,2017,0,34673,36119,66.17,13.76,17898,1474.11,15.2,0.245775
Del Rio,Val Verde,2016,2017,0,34673,36007,66.6,13.51,18519,1474.11,14.2,0.258409
Del Rio,Val Verde,2017,2017,1,34673,35951,67.62,13.26,19415,1474.11,15.7,0.325654
Denison,Grayson,2009,2018,0,24479,23797,80.95,76.75,19012,1713.59,17.9,0.181996
Denison,Grayson,2010,2018,0,24479,22728,80.88,74.74,19619,1713.59,15.8,0.175965
Denison,Grayson,2011,2018,0,24479,22719,82.03,74.47,20227,1713.59,19.2,0.185339
Denison,Grayson,2012,2018,0,24479,22655,84.47,75.67,19817,1713.59,18.1,0.191585
Denison,Grayson,2013,2018,0,24479,22697,84.04,78.73,20680,1713.59,15.9,0.195921
Denison,Grayson,2014,2018,0,24479,22745,85.56,77.3,21750,1713.59,14.6,0.23083
Denison,Grayson,2015,2018,0,24479,22846,85.85,77.81,21695,1713.59,15.2,0.245775
Denison,Grayson,2016,2018,0,24479,23080,86.62,77.28,22140,1713.59,14.2,0.258409
Denison,Grayson,2017,2018,0,24479,23342,86.13,76.41,24290,1713.59,15.7,0.325654
Denison,Grayson,2018,2018,1,24479,23820,87.49,74.71,25233,1713.59,14.4,0.364026
Donna,Hidalgo,2009,2017,0,16797,16715,56.56,13.93,11258,135.82,17.9,0.181996
Donna,Hidalgo,2010,2017,0,16797,15792,57.89,11.28,10610,135.82,15.8,0.175965
Donna,Hidalgo,2011,2017,0,16797,15896,57.53,10.39,11135,135.82,19.2,0.185339
Donna,Hidalgo,2012,2017,0,16797,15924,56.89,10.07,11276,135.82,18.1,0.191585
Donna,Hidalgo,2013,2017,0,16797,16010,61.11,9.98,11854,135.82,15.9,0.195921
Donna,Hidalgo,2014,2017,0,16797,16169,63.19,8.25,12494,135.82,14.6,0.23083
Donna,Hidalgo,2015,2017,0,16797,16292,60.77,7.41,12432,135.82,15.2,0.245775
Donna,Hidalgo,2016,2017,0,16797,16349,60.28,6.92,12018,135.82,14.2,0.258409
Donna,Hidalgo,2017,2017,1,16797,16507,64.12,6.49,12484,135.82,15.7,0.325654
Duncanville,Dallas,2009,2016,0,40706,35666,82.92,40.33,24888,1594.54,17.9,0.181996
Duncanville,Dallas,2010,2016,0,40706,37778,83.73,36.96,23852,1594.54,15.8,0.175965
Duncanville,Dallas,2011,2016,0,40706,38224,83.3,37.12,24532,1594.54,19.2,0.185339
Duncanville,Dallas,2012,2016,0,40706,38590,84.0,33.23,24955,1594.54,18.1,0.191585
Duncanville,Dallas,2013,2016,0,40706,39000,81.18,30.74,23781,1594.54,15.9,0.195921
Duncanville,Dallas,2014,2016,0,40706,39315,83.2,30.38,23907,1594.54,14.6,0.23083
Duncanville,Dallas,2015,2016,0,40706,39567,83.31,28.93,23489,1594.54,15.2,0.245775
Duncanville,Dallas,2016,2016,1,40706,39599,81.32,26.52,22783,1594.54,14.2,0.258409
Eagle Pass,Maverick,2009,2010,0,28130,25999,60.8,3.92,15257,1413.38,17.9,0.181996
Eagle Pass,Maverick,2010,2010,1,28130,25468,61.2,3.35,15123,1413.38,15.8,0.175965
Edinburg,Hidalgo,2009,2015,0,100243,67484,72.34,8.44,15440,1164.59,17.9,0.181996
Edinburg,Hidalgo,2010,2015,0,100243,72611,72.19,8.03,15542,1164.59,15.8,0.175965
Edinburg,Hidalgo,2011,2015,0,100243,74891,74.54,7.74,16414,1164.59,19.2,0.185339
Edinburg,Hidalgo,2012,2015,0,100243,77174,76.63,7.34,17034,1164.59,18.1,0.191585
Edinburg,Hidalgo,2013,2015,0,100243,77415,77.25,7.21,17103,1164.59,15.9,0.195921
Edinburg,Hidalgo,2014,2015,0,100243,79002,77.41,7.16,17388,1164.59,14.6,0.23083
Edinburg,Hidalgo,2015,2015,1,100243,80924,77.74,7.73,17616,1164.59,15.2,0.245775
El Paso,El Paso,2009,2014,0,678815,602672,72.38,14.98,17209,1885.45,17.9,0.181996
El Paso,El Paso,2010,2014,0,678815,628923,73.59,14.65,17812,1885.45,15.8,0.175965
El Paso,El Paso,2011,2014,0,678815,640066,74.58,14.74,18781,1885.45,19.2,0.185339
El Paso,El Paso,2012,2014,0,678815,650778,75.86,14.69,19262,1885.45,18.1,0.191585
El Paso,El Paso,2013,2014,0,678815,660795,76.38,14.66,19669,1885.45,15.9,0.195921
El Paso,El Paso,2014,2014,1,678815,669771,77.17,14.77,20050,1885.45,14.6,0.23083
Elsa,Hidalgo,2009,2017,0,5668,6493,60.92,0.51,10741,732.58,17.9,0.181996
Elsa,Hidalgo,2010,2017,0,5668,5639,54.48,0.74,12200,732.58,15.8,0.175965
Elsa,Hidalgo,2011,2017,0,5668,5689,50.22,0.33,10872,732.58,19.2,0.185339
Elsa,Hidalgo,2012,2017,0,5668,5853,49.84,0.38,11161,732.58,18.1,0.191585
Elsa,Hidalgo,2013,2017,0,5668,6042,50.52,0.35,10766,732.58,15.9,0.195921
Elsa,Hidalgo,2014,2017,0,5668,6232,51.49,0.67,10420,732.58,14.6,0.23083
Elsa,Hidalgo,2015,2017,0,5668,6444,57.91,0.22,8976,732.58,15.2,0.245775
Elsa,Hidalgo,2016,2017,0,5668,6542,56.5,0.4,8971,732.58,14.2,0.258409
Elsa,Hidalgo,2017,2017,1,5668,7135,59.81,0.71,10111,732.58,15.7,0.325654
Ennis,Ellis,2009,2018,0,20159,19212,68.93,45.64,18423,8967.99,17.9,0.181996
Ennis,Ellis,2010,2018,0,20159,18262,70.68,49.2,19800,8967.99,15.8,0.175965
Ennis,Ellis,2011,2018,0,20159,18480,71.51,49.68,20484,8967.99,19.2,0.185339
Ennis,Ellis,2012,2018,0,20159,18531,73.82,47.36,21295,8967.99,18.1,0.191585
Ennis,Ellis,2013,2018,0,20159,18631,74.09,48.25,20167,8967.99,15.9,0.195921
Ennis,Ellis,2014,2018,0,20159,18674,76.38,48.77,19539,8967.99,14.6,0.23083
Ennis,Ellis,2015,2018,0,20159,18758,74.63,45.87,19245,8967.99,15.2,0.245775
Ennis,Ellis,2016,2018,0,20159,18890,73.04,43.75,20671,8967.99,14.2,0.258409
Ennis,Ellis,2017,2018,0,20159,18864,74.03,41.04,21118,8967.99,15.7,0.325654
Ennis,Ellis,2018,2018,1,20159,19196,73.55,39.17,22868,8967.99,14.4,0.364026
Farmers Branch,Dallas,2009,2021,0,35991,26379,74.82,46.62,27258,1664.84,17.9,0.181996
Farmers Branch,Dallas,2010,2021,0,35991,28161,77.79,47.22,28528,1664.84,15.8,0.175965
Farmers Branch,Dallas,2011,2021,0,35991,28455,78.96,47.77,30579,1664.84,19.2,0.185339
Farmers Branch,Dallas,2012,2021,0,35991,28681,80.2,49.84,30141,1664.84,18.1,0.191585
Farmers Branch,Dallas,2013,2021,0,35991,29405,81.02,49.44,28095,1664.84,15.9,0.195921
Farmers Branch,Dallas,2014,2021,0,35991,30261,82.78,48.44,28738,1664.84,14.6,0.23083
Farmers Branch,Dallas,2015,2021,0,35991,31052,82.84,45.24,30054,1664.84,15.2,0.245775
Farmers Branch,Dallas,2016,2021,0,35991,32211,82.71,41.82,30993,1664.84,14.2,0.258409
Farmers Branch,Dallas,2017,2021,0,35991,33808,84.11,39.48,33214,1664.84,15.7,0.325654
Farmers Branch,Dallas,2018,2021,0,35991,35552,84.13,39.1,36110,1664.84,14.4,0.364026
Farmers Branch,Dallas,2019,2021,0,35991,39039,81.47,34.86,36058,1664.84,14.6,0.425187
Farmers Branch,Dallas,2020,2021,0,35991,42659,83.79,35.83,36111,1664.84,13.2,0.424763
Farmers Branch,Dallas,2021,2021,1,35991,36091,83.66,35.05,38940,1664.84,13.1,0.416292
Fort Worth,"Tarrant, Denton",2009,2018,0,918915,679077,77.72,44.07,23489,2195.46,17.9,0.181996
Fort Worth,"Tarrant, Denton",2010,2018,0,918915,705349,78.57,43.19,23792,2195.46,15.8,0.175965
Fort Worth,"Tarrant, Denton",2011,2018,0,918915,724699,79.05,42.34,24270,2195.46,19.2,0.185339
Fort Worth,"Tarrant, Denton",2012,2018,0,918915,743865,78.9,41.76,24338,2195.46,18.1,0.191585
Fort Worth,"Tarrant, Denton",2013,2018,0,918915,761092,79.91,41.34,24489,2195.46,15.9,0.195921
Fort Worth,"Tarrant, Denton",2014,2018,0,918915,778573,80.38,40.94,24726,2195.46,14.6,0.23083
Fort Worth,"Tarrant, Denton",2015,2018,0,918915,796614,80.77,40.72,25225,2195.46,15.2,0.245775
Fort Worth,"Tarrant, Denton",2016,2018,0,918915,815930,81.24,40.67,26040,2195.46,14.2,0.258409
Fort Worth,"Tarrant, Denton",2017,2018,0,918915,835129,81.53,40.25,27191,2195.46,15.7,0.325654
Fort Worth,"Tarrant, Denton",2018,2018,1,918915,855786,81.72,39.49,28330,2195.46,14.4,0.364026
Frisco,"Collin, Denton",2009,2019,0,200509,87712,94.47,71.33,41079,2269.73,17.9,0.181996
Frisco,"Collin, Denton",2010,2019,0,200509,103158,95.86,68.46,42747,2269.73,15.8,0.175965
Frisco,"Collin, Denton",2011,2019,0,200509,110013,95.87,67.25,42358,2269.73,19.2,0.185339
Frisco,"Collin, Denton",2012,2019,0,200509,116944,95.88,67.05,43073,2269.73,18.1,0.191585
Frisco,"Collin, Denton",2013,2019,0,200509,123663,95.95,66.64,42307,2269.73,15.9,0.195921
Frisco,"Collin, Denton",2014,2019,0,200509,130499,95.99,64.14,43595,2269.73,14.6,0.23083
Frisco,"Collin, Denton",2015,2019,0,200509,137797,95.86,63.38,44151,2269.73,15.2,0.245775
Frisco,"Collin, Denton",2016,2019,0,200509,145646,95.96,62.64,46969,2269.73,14.2,0.258409
Frisco,"Collin, Denton",2017,2019,0,200509,155363,95.82,60.2,48910,2269.73,15.7,0.325654
Frisco,"Collin, Denton",2018,2019,0,200509,165700,96.55,59.04,52378,2269.73,14.4,0.364026
Frisco,"Collin, Denton",2019,2019,1,200509,177020,96.42,56.55,53191,2269.73,14.6,0.425187
Hamlin,Fisher,2009,2018,0,1831,1666,75.19,68.31,19990,1725.59,17.9,0.181996
Hamlin,Fisher,2010,2018,0,1831,1824,70.44,76.43,19587,1725.59,15.8,0.175965
Hamlin,Fisher,2011,2018,0,1831,1792,74.79,71.65,18251,1725.59,19.2,0.185339
Hamlin,Fisher,2012,2018,0,1831,1893,79.54,69.94,18233,1725.59,18.1,0.191585
Hamlin,Fisher,2013,2018,0,1831,1740,83.81,77.59,20900,1725.59,15.9,0.195921
Hamlin,Fisher,2014,2018,0,1831,1773,86.82,69.99,19808,1725.59,14.6,0.23083
Hamlin,Fisher,2015,2018,0,1831,1627,88.86,62.32,19938,1725.59,15.2,0.245775
Hamlin,Fisher,2016,2018,0,1831,1615,87.45,64.89,22899,1725.59,14.2,0.258409
Hamlin,Fisher,2017,2018,0,1831,1684,89.12,64.73,23748,1725.59,15.7,0.325654
Hamlin,Fisher,2018,2018,1,1831,1740,84.77,57.24,25583,1725.59,14.4,0.364026
Harlingen,Cameron,2009,2014,0,71829,63366,73.07,22.93,17346,1903.65,17.9,0.181996
Harlingen,Cameron,2010,2014,0,71829,64186,72.93,20.01,17330,1903.65,15.8,0.175965
Harlingen,Cameron,2011,2014,0,71829,64716,72.43,19.97,17462,1903.65,19.2,0.185339
Harlingen,Cameron,2012,2014,0,71829,64947,73.13,18.58,17316,1903.65,18.1,0.191585
Harlingen,Cameron,2013,2014,0,71829,65296,72.7,18.32,17003,1903.65,15.9,0.195921
Harlingen,Cameron,2014,2014,1,71829,65677,72.55,17.66,17253,1903.65,14.6,0.23083
Henderson,Rusk,2009,2016,0,13271,11526,81.75,65.92,21126,1345.47,17.9,0.181996
Henderson,Rusk,2010,2016,0,13271,13213,81.69,60.16,21823,1345.47,15.8,0.175965
Henderson,Rusk,2011,2016,0,13271,13455,82.44,57.42,22224,1345.47,19.2,0.185339
Henderson,Rusk,2012,2016,0,13271,13614,78.56,52.12,19093,1345.47,18.1,0.191585
Henderson,Rusk,2013,2016,0,13271,13715,77.75,49.97,19156,1345.47,15.9,0.195921
Henderson,Rusk,2014,2016,0,13271,13723,81.15,51.97,21074,1345.47,14.6,0.23083
Henderson,Rusk,2015,2016,0,13271,13695,77.4,52.77,22308,1345.47,15.2,0.245775
Henderson,Rusk,2016,2016,1,13271,13587,73.83,52.4,20274,1345.47,14.2,0.258409
Hidalgo,Hidalgo,2009,2017,0,13964,11474,58.37,1.14,10961,289.97,17.9,0.181996
Hidalgo,Hidalgo,2010,2017,0,13964,10564,58.99,1.01,11587,289.97,15.8,0.175965
Hidalgo,Hidalgo,2011,2017,0,13964,10898,62.38,1.36,11815,289.97,19.2,0.185339
Hidalgo,Hidalgo,2012,2017,0,13964,11190,59.86,0.71,11530,289.97,18.1,0.191585
Hidalgo,Hidalgo,2013,2017,0,13964,12544,62.35,1.05,12001,289.97,15.9,0.195921
Hidalgo,Hidalgo,2014,2017,0,13964,13063,62.64,1.05,11448,289.97,14.6,0.23083
Hidalgo,Hidalgo,2015,2017,0,13964,13287,61.68,0.72,11497,289.97,15.2,0.245775
Hidalgo,Hidalgo,2016,2017,0,13964,13449,58.98,1.0,12082,289.97,14.2,0.258409
Hidalgo,Hidalgo,2017,2017,1,13964,13593,58.69,0.81,12321,289.97,15.7,0.325654
Highland Village,Denton,2009,2015,0,15899,16231,96.84,89.01,44791,1972.22,17.9,0.181996
Highland Village,Denton,2010,2015,0,15899,14702,97.92,88.23,46853,1972.22,15.8,0.175965
Highland Village,Denton,2011,2015,0,15899,14969,98.19,88.12,47810,1972.22,19.2,0.185339
Highland Village,Denton,2012,2015,0,15899,15144,98.46,88.29,49213,1972.22,18.1,0.191585
Highland Village,Denton,2013,2015,0,15899,15364,98.14,87.52,48467,1972.22,15.9,0.195921
Highland Village,Denton,2014,2015,0,15899,15589,97.69,88.09,49322,1972.22,14.6,0.23083
Highland Village,Denton,2015,2015,1,15899,15793,97.32,85.36,50892,1972.22,15.2,0.245775
Horizon City,El Paso,2009,2021,0,22489,11652,78.92,12.32,20006,584.83,17.9,0.181996
Horizon City,El Paso,2010,2021,0,22489,14567,79.39,12.94,18348,584.83,15.8,0.175965
Horizon City,El Paso,2011,2021,0,22489,15549,81.19,15.71,19514,584.83,19.2,0.185339
Horizon City,El Paso,2012,2021,0,22489,16859,81.76,16.44,18489,584.83,18.1,0.191585
Horizon City,El Paso,2013,2021,0,22489,17736,81.12,16.47,16517,584.83,15.9,0.195921
Horizon City,El Paso,2014,2021,0,22489,18477,82.12,14.65,16239,584.83,14.6,0.23083
Horizon City,El Paso,2015,2021,0,22489,18981,84.51,14.03,17137,584.83,15.2,0.245775
Horizon City,El Paso,2016,2021,0,22489,19142,86.14,10.07,16861,584.83,14.2,0.258409
Horizon City,El Paso,2017,2021,0,22489,19331,86.46,7.34,19312,584.83,15.7,0.325654
Horizon City,El Paso,2018,2021,0,22489,19479,86.89,6.97,20435,584.83,14.4,0.364026
Horizon City,El Paso,2019,2021,0,22489,19459,87.76,6.05,21507,584.83,14.6,0.425187
Horizon City,El Paso,2020,2021,0,22489,19645,86.74,7.45,21763,584.83,13.2,0.424763
Horizon City,El Paso,2021,2021,1,22489,22075,90.02,6.52,23141,584.83,13.1,0.416292
Horseshoe Bay,"Llano, Burnet",2009,2009,1,4257,2837,95.6,89.46,45774,4930.22,17.9,0.181996
Humble,Harris,2009,2019,0,16795,14926,76.41,43.77,18998,2530.02,17.9,0.181996
Humble,Harris,2010,2019,0,16795,14979,76.36,37.85,19395,2530.02,15.8,0.175965
Humble,Harris,2011,2019,0,16795,15105,78.63,35.07,20617,2530.02,19.2,0.185339
Humble,Harris,2012,2019,0,16795,15155,78.97,30.15,20864,2530.02,18.1,0.191585
Humble,Harris,2013,2019,0,16795,15286,80.48,30.91,21303,2530.02,15.9,0.195921
Humble,Harris,2014,2019,0,16795,15402,82.24,25.44,20098,2530.02,14.6,0.23083
Humble,Harris,2015,2019,0,16795,15516,78.54,22.45,17798,2530.02,15.2,0.245775
Humble,Harris,2016,2019,0,16795,15569,78.47,22.02,18618,2530.02,14.2,0.258409
Humble,Harris,2017,2019,0,16795,15736,80.95,23.3,19887,2530.02,15.7,0.325654
Humble,Harris,2018,2019,0,16795,15861,81.27,19.25,21335,2530.02,14.4,0.364026
Humble,Harris,2019,2019,1,16795,15864,80.75,22.6,22724,2530.02,14.6,0.425187
Huntsville,Walker,2009,2017,0,45941,37781,78.4,53.71,12418,1317.91,17.9,0.181996
Huntsville,Walker,2010,2017,0,45941,37807,78.93,53.47,12088,1317.91,15.8,0.175965
Huntsville,Walker,2011,2017,0,45941,38037,78.55,51.5,12318,1317.91,19.2,0.185339
Huntsville,Walker,2012,2017,0,45941,38682,78.94,49.8,12249,1317.91,18.1,0.191585
Huntsville,Walker,2013,2017,0,45941,39159,79.89,50.76,11611,1317.91,15.9,0.195921
Huntsville,Walker,2014,2017,0,45941,39764,81.81,50.12,11825,1317.91,14.6,0.23083
Huntsville,Walker,2015,2017,0,45941,40129,81.7,50.71,12280,1317.91,15.2,0.245775
Huntsville,Walker,2016,2017,0,45941,40432,82.84,50.93,12806,1317.91,14.2,0.258409
Huntsville,Walker,2017,2017,1,45941,40727,83.57,51.39,13907,1317.91,15.7,0.325654
Idalou,Lubbock,2009,2019,0,2193,2403,79.23,46.57,17252,1047.56,17.9,0.181996
Idalou,Lubbock,2010,2019,0,2193,2589,80.94,46.43,18793,1047.56,15.8,0.175965
Idalou,Lubbock,2011,2019,0,2193,2629,81.51,48.19,22687,1047.56,19.2,0.185339
Idalou,Lubbock,2012,2019,0,2193,2649,81.18,49.68,25992,1047.56,18.1,0.191585
Idalou,Lubbock,2013,2019,0,2193,2495,78.01,53.35,28016,1047.56,15.9,0.195921
Idalou,Lubbock,2014,2019,0,2193,2369,82.15,54.5,28484,1047.56,14.6,0.23083
Idalou,Lubbock,2015,2019,0,2193,2373,81.31,57.52,28678,1047.56,15.2,0.245775
Idalou,Lubbock,2016,2019,0,2193,2200,81.43,56.27,28414,1047.56,14.2,0.258409
Idalou,Lubbock,2017,2019,0,2193,2123,77.92,51.72,24476,1047.56,15.7,0.325654
Idalou,Lubbock,2018,2019,0,2193,2018,74.69,51.73,24828,1047.56,14.4,0.364026
Idalou,Lubbock,2019,2019,1,2193,2018,71.73,47.72,24698,1047.56,14.6,0.425187
Irving,Dallas,2009,2023,0,256684,197830,75.86,35.61,25324,1889.85,17.9,0.181996
Irving,Dallas,2010,2023,0,256684,210025,78.31,32.91,26016,1889.85,15.8,0.175965
Irving,Dallas,2011,2023,0,256684,213400,78.89,31.78,26754,1889.85,19.2,0.185339
Irving,Dallas,2012,2023,0,256684,217021,78.89,30.58,26970,1889.85,18.1,0.191585
Irving,Dallas,2013,2023,0,256684,220856,79.66,30.2,27040,1889.85,15.9,0.195921
Irving,Dallas,2014,2023,0,256684,224859,80.02,28.47,26959,1889.85,14.6,0.23083
Irving,Dallas,2015,2023,0,256684,228776,79.67,27.31,27153,1889.85,15.2,0.245775
Irving,Dallas,2016,2023,0,256684,232013,79.76,26.07,27858,1889.85,14.2,0.258409
Irving,Dallas,2017,2023,0,256684,235648,79.85,24.14,28670,1889.85,15.7,0.325654
Irving,Dallas,2018,2023,0,256684,238637,79.49,22.79,30146,1889.85,14.4,0.364026
Irving,Dallas,2019,2023,0,256684,239783,80.48,21.55,31448,1889.85,14.6,0.425187
Irving,Dallas,2020,2023,0,256684,240475,79.96,20.28,31992,1889.85,13.2,0.424763
Irving,Dallas,2021,2023,0,256684,254184,79.8,19.52,34023,1889.85,13.1,0.416292
Irving,Dallas,2022,2023,0,256684,254962,79.7,18.89,37211,1889.85,11.8,0.412475
Irving,Dallas,2023,2023,1,256684,255036,80.47,18.64,39462,1889.85,11.3,0.415722
Jacinto City,Harris,2009,2012,0,9613,9962,48.94,14.24,12898,915.55,17.9,0.181996
Jacinto City,Harris,2010,2012,0,9613,10466,45.66,12.26,12735,915.55,15.8,0.175965
Jacinto City,Harris,2011,2012,0,9613,10537,42.57,10.73,11542,915.55,19.2,0.185339
Jacinto City,Harris,2012,2012,1,9613,10572,41.22,9.51,11672,915.55,18.1,0.191585
Kilgore,Gregg-Rusk,2009,2009,1,13376,11989,80.33,72.76,20092,1906.71,17.9,0.181996
La Joya,Hidalgo,2009,2017,0,4457,4612,34.97,0.33,8394,860.73,17.9,0.181996
La Joya,Hidalgo,2010,2017,0,4457,3874,45.69,0.39,11518,860.73,15.8,0.175965
La Joya,Hidalgo,2011,2017,0,4457,3944,46.2,0.51,12784,860.73,19.2,0.185339
La Joya,Hidalgo,2012,2017,0,4457,4004,49.57,0.22,12886,860.73,18.1,0.191585
La Joya,Hidalgo,2013,2017,0,4457,4064,47.12,0.25,13283,860.73,15.9,0.195921
La Joya,Hidalgo,2014,2017,0,4457,4115,44.7,0.87,13307,860.73,14.6,0.23083
La Joya,Hidalgo,2015,2017,0,4457,4183,46.04,0.98,14496,860.73,15.2,0.245775
La Joya,Hidalgo,2016,2017,0,4457,4209,54.28,0.62,15070,860.73,14.2,0.258409
La Joya,Hidalgo,2017,2017,1,4457,4229,56.79,1.51,14227,860.73,15.7,0.325654
La Vernia,Wilson,2009,2012,0,1077,1418,81.19,73.13,16394,861.97,17.9,0.181996
La Vernia,Wilson,2010,2012,0,1077,1170,86.97,68.21,23436,861.97,15.8,0.175965
La Vernia,Wilson,2011,2012,0,1077,1390,80.96,71.08,22820,861.97,19.2,0.185339
La Vernia,Wilson,2012,2012,1,1077,1295,77.43,61.31,21347,861.97,18.1,0.191585
Lacy-Lakeview,McLennan,2009,2016,0,6988,5843,83.62,59.49,17445,933.56,17.9,0.181996
Lacy-Lakeview,McLennan,2010,2016,0,6988,6318,82.24,56.06,17171,933.56,15.8,0.175965
Lacy-Lakeview,McLennan,2011,2016,0,6988,6405,79.57,51.46,18119,933.56,19.2,0.185339
Lacy-Lakeview,McLennan,2012,2016,0,6988,6449,82.53,49.57,19076,933.56,18.1,0.191585
Lacy-Lakeview,McLennan,2013,2016,0,6988,6531,83.87,52.04,18165,933.56,15.9,0.195921
Lacy-Lakeview,McLennan,2014,2016,0,6988,6569,80.18,45.41,18109,933.56,14.6,0.23083
Lacy-Lakeview,McLennan,2015,2016,0,6988,6561,78.75,46.12,17602,933.56,15.2,0.245775
Lacy-Lakeview,McLennan,2016,2016,1,6988,6581,77.96,48.81,17406,933.56,14.2,0.258409
Lake Dallas,Denton,2009,2022,0,7708,7612,91.68,72.36,25985,780.28,17.9,0.181996
Lake Dallas,Denton,2010,2022,0,7708,7000,90.88,67.07,26503,780.28,15.8,0.175965
Lake Dallas,Denton,2011,2022,0,7708,7108,92.8,73.26,30275,780.28,19.2,0.185339
Lake Dallas,Denton,2012,2022,0,7708,7159,92.96,74.75,31990,780.28,18.1,0.191585
Lake Dallas,Denton,2013,2022,0,7708,7205,93.69,75.78,30994,780.28,15.9,0.195921
Lake Dallas,Denton,2014,2022,0,7708,7306,92.99,76.84,29293,780.28,14.6,0.23083
Lake Dallas,Denton,2015,2022,0,7708,7465,95.6,79.69,29261,780.28,15.2,0.245775
Lake Dallas,Denton,2016,2022,0,7708,7575,91.87,70.98,27913,780.28,14.2,0.258409
Lake Dallas,Denton,2017,2022,0,7708,7716,91.51,69.16,28254,780.28,15.7,0.325654
Lake Dallas,Denton,2018,2022,0,7708,7832,92.03,66.25,28079,780.28,14.4,0.364026
Lake Dallas,Denton,2019,2022,0,7708,8016,86.41,60.2,27714,780.28,14.6,0.425187
Lake Dallas,Denton,2020,2022,0,7708,8004,84.29,55.71,30213,780.28,13.2,0.424763
Lake Dallas,Denton,2021,2022,0,7708,7594,85.66,58.81,32302,780.28,13.1,0.416292
Lake Dallas,Denton,2022,2022,1,7708,7682,83.5,59.41,34390,780.28,11.8,0.412475
Lancaster,Dallas,2009,2017,0,41275,34313,84.19,15.85,20504,1569.77,17.9,0.181996
Lancaster,Dallas,2010,2017,0,41275,34186,85.26,14.7,21715,1569.77,15.8,0.175965
Lancaster,Dallas,2011,2017,0,41275,35187,85.34,14.02,21408,1569.77,19.2,0.185339
Lancaster,Dallas,2012,2017,0,41275,36271,85.22,13.75,21091,1569.77,18.1,0.191585
Lancaster,Dallas,2013,2017,0,41275,37087,85.93,13.46,20269,1569.77,15.9,0.195921
Lancaster,Dallas,2014,2017,0,41275,37731,85.52,12.57,20222,1569.77,14.6,0.23083
Lancaster,Dallas,2015,2017,0,41275,38152,86.1,11.29,20613,1569.77,15.2,0.245775
Lancaster,Dallas,2016,2017,0,41275,38426,86.86,10.78,21351,1569.77,14.2,0.258409
Lancaster,Dallas,2017,2017,1,41275,38871,87.32,10.12,21277,1569.77,15.7,0.325654
Laredo,Webb,2009,2011,0,255205,215868,62.96,4.79,13941,1993.95,17.9,0.181996
Laredo,Webb,2010,2011,0,255205,226229,63.77,3.61,14447,1993.95,15.8,0.175965
Laredo,Webb,2011,2011,1,255205,231523,64.74,3.58,14769,1993.95,19.2,0.185339
Lucas,Collin,2009,2012,0,7612,4753,97.81,93.23,43614,1636.01,17.9,0.181996
Lucas,Collin,2010,2012,0,7612,4863,98.06,93.19,49194,1636.01,15.8,0.175965
Lucas,Collin,2011,2012,0,7612,5053,98.77,93.59,51358,1636.01,19.2,0.185339
Lucas,Collin,2012,2012,1,7612,5318,98.71,92.55,51616,1636.01,18.1,0.191585
Lufkin,Angelina,2009,2013,0,34143,34116,78.41,52.32,22378,984.27,17.9,0.181996
Lufkin,Angelina,2010,2013,0,34143,34689,78.2,48.06,21473,984.27,15.8,0.175965
Lufkin,Angelina,2011,2013,0,34143,34890,75.55,48.94,22664,984.27,19.2,0.185339
Lufkin,Angelina,2012,2013,0,34143,35169,77.2,48.3,21856,984.27,18.1,0.191585
Lufkin,Angelina,2013,2013,1,34143,35505,76.82,46.75,21184,984.27,15.9,0.195921
Lyford,Willacy,2009,2017,0,2249,2509,58.82,3.95,8044,306.41,17.9,0.181996
Lyford,Willacy,2010,2017,0,2249,2620,55.98,6.37,10236,306.41,15.8,0.175965
Lyford,Willacy,2011,2017,0,2249,2608,52.34,7.78,9830,306.41,19.2,0.185339
Lyford,Willacy,2012,2017,0,2249,2610,51.2,3.07,9906,306.41,18.1,0.191585
Lyford,Willacy,2013,2017,0,2249,2606,58.05,3.68,10639,306.41,15.9,0.195921
Lyford,Willacy,2014,2017,0,2249,2615,63.89,5.12,13745,306.41,14.6,0.23083
Lyford,Willacy,2015,2017,0,2249,2601,64.71,5.65,12303,306.41,15.2,0.245775
Lyford,Willacy,2016,2017,0,2249,2597,65.96,6.51,11499,306.41,14.2,0.258409
Lyford,Willacy,2017,2017,1,2249,2585,66.85,7.85,12425,306.41,15.7,0.325654
McAllen,Hidalgo,2009,2017,0,142210,126090,73.96,14.38,19047,1954.73,17.9,0.181996
McAllen,Hidalgo,2010,2017,0,142210,125590,73.68,13.15,19490,1954.73,15.8,0.175965
McAllen,Hidalgo,2011,2017,0,142210,128182,73.49,13.15,20199,1954.73,19.2,0.185339
McAllen,Hidalgo,2012,2017,0,142210,130297,73.86,11.63,21123,1954.73,18.1,0.191585
McAllen,Hidalgo,2013,2017,0,142210,132796,73.62,11.61,20926,1954.73,15.9,0.195921
McAllen,Hidalgo,2014,2017,0,142210,135048,73.48,11.25,21410,1954.73,14.6,0.23083
McAllen,Hidalgo,2015,2017,0,142210,136993,73.5,11.68,21600,1954.73,15.2,0.245775
McAllen,Hidalgo,2016,2017,0,142210,138475,74.56,10.58,21726,1954.73,14.2,0.258409
McAllen,Hidalgo,2017,2017,1,142210,139838,73.92,10.95,21683,1954.73,15.7,0.325654
Mercedes,Hidalgo,2009,2017,0,16258,14891,56.3,8.5,10252,1398.48,17.9,0.181996
Mercedes,Hidalgo,2010,2017,0,16258,15369,56.51,6.65,10430,1398.48,15.8,0.175965
Mercedes,Hidalgo,2011,2017,0,16258,15616,55.99,6.33,11565,1398.48,19.2,0.185339
Mercedes,Hidalgo,2012,2017,0,16258,15803,56.1,6.4,10939,1398.48,18.1,0.191585
Mercedes,Hidalgo,2013,2017,0,16258,15999,59.97,7.35,11131,1398.48,15.9,0.195921
Mercedes,Hidalgo,2014,2017,0,16258,16271,60.12,6.31,12458,1398.48,14.6,0.23083
Mercedes,Hidalgo,2015,2017,0,16258,16425,61.08,5.42,12609,1398.48,15.2,0.245775
Mercedes,Hidalgo,2016,2017,0,16258,16501,66.36,6.02,12750,1398.48,14.2,0.258409
Mercedes,Hidalgo,2017,2017,1,16258,16588,67.52,5.75,14698,1398.48,15.7,0.325654
Mesquite,Dallas,2009,2018,0,150108,130751,80.5,49.65,22037,2108.38,17.9,0.181996
Mesquite,Dallas,2010,2018,0,150108,583,56.18,0.0,13956,2108.38,15.8,0.175965
Mesquite,Dallas,2011,2018,0,150108,137966,80.94,44.03,22320,2108.38,19.2,0.185339
Mesquite,Dallas,2012,2018,0,150108,139615,80.59,40.67,21641,2108.38,18.1,0.191585
Mesquite,Dallas,2013,2018,0,150108,370,0.0,0.0,7906,2108.38,15.9,0.195921
Mesquite,Dallas,2014,2018,0,150108,142552,81.32,37.39,21788,2108.38,14.6,0.23083
Mesquite,Dallas,2015,2018,0,150108,143584,80.72,35.74,21401,2108.38,15.2,0.245775
Mesquite,Dallas,2016,2018,0,150108,629,6.57,0.0,11239,2108.38,14.2,0.258409
Mesquite,Dallas,2017,2018,0,150108,144118,80.25,31.46,22088,2108.38,15.7,0.325654
Mesquite,Dallas,2018,2018,1,150108,338,17.95,0.0,13425,2108.38,14.4,0.364026
Mission,Hidalgo,2009,2016,0,85778,64415,67.36,14.79,17393,1144.78,17.9,0.181996
Mission,Hidalgo,2010,2016,0,85778,71760,69.5,13.07,17574,1144.78,15.8,0.175965
Mission,Hidalgo,2011,2016,0,85778,74456,70.27,11.48,17225,1144.78,19.2,0.185339
Mission,Hidalgo,2012,2016,0,85778,76784,70.36,12.35,17527,1144.78,18.1,0.191585
Mission,Hidalgo,2013,2016,0,85778,78707,71.93,12.51,17485,1144.78,15.9,0.195921
Mission,Hidalgo,2014,2016,0,85778,80538,72.47,12.28,17614,1144.78,14.6,0.23083
Mission,Hidalgo,2015,2016,0,85778,81573,71.93,12.01,17813,1144.78,15.2,0.245775
Mission,Hidalgo,2016,2016,1,85778,82200,71.69,10.7,18586,1144.78,14.2,0.258409
Missouri City,Fort Bend Harris,2009,2016,0,74259,72789,91.48,30.28,29828,1203.44,17.9,0.181996
Missouri City,Fort Bend Harris,2010,2016,0,74259,64569,91.67,26.2,31189,1203.44,15.8,0.175965
Missouri City,Fort Bend Harris,2011,2016,0,74259,66273,92.1,25.19,31356,1203.44,19.2,0.185339
Missouri City,Fort Bend Harris,2012,2016,0,74259,67173,91.56,24.44,31686,1203.44,18.1,0.191585
Missouri City,Fort Bend Harris,2013,2016,0,74259,68244,91.73,23.47,33070,1203.44,15.9,0.195921
Missouri City,Fort Bend Harris,2014,2016,0,74259,69152,92.3,22.26,34336,1203.44,14.6,0.23083
Missouri City,Fort Bend Harris,2015,2016,0,74259,70538,93.1,22.4,35873,1203.44,15.2,0.245775
Missouri City,Fort Bend Harris,2016,2016,1,74259,71732,93.1,23.99,37073,1203.44,14.2,0.258409
Mont Belvieu,Chambers,2009,2018,0,7654,2653,86.3,78.74,28120,842.93,17.9,0.181996
Mont Belvieu,Chambers,2010,2018,0,7654,3439,88.24,75.25,25403,842.93,15.8,0.175965
Mont Belvieu,Chambers,2011,2018,0,7654,3601,91.89,77.4,29969,842.93,19.2,0.185339
Mont Belvieu,Chambers,2012,2018,0,7654,3864,90.05,73.34,34091,842.93,18.1,0.191585
Mont Belvieu,Chambers,2013,2018,0,7654,4092,91.2,74.1,31391,842.93,15.9,0.195921
Mont Belvieu,Chambers,2014,2018,0,7654,4343,91.4,74.23,34981,842.93,14.6,0.23083
Mont Belvieu,Chambers,2015,2018,0,7654,4585,92.54,78.91,38693,842.93,15.2,0.245775
Mont Belvieu,Chambers,2016,2018,0,7654,4892,91.88,77.53,39351,842.93,14.2,0.258409
Mont Belvieu,Chambers,2017,2018,0,7654,5206,96.31,78.14,42473,842.93,15.7,0.325654
Mont Belvieu,Chambers,2018,2018,1,7654,5555,96.68,76.89,43589,842.93,14.4,0.364026
New Braunfels,"Comal, Guadalupe",2009,2017,0,90403,51591,84.77,61.67,25749,5228.14,17.9,0.181996
New Braunfels,"Comal, Guadalupe",2010,2017,0,90403,54072,85.04,61.18,25975,5228.14,15.8,0.175965
New Braunfels,"Comal, Guadalupe",2011,2017,0,90403,56080,86.29,61.1,26713,5228.14,19.2,0.185339
New Braunfels,"Comal, Guadalupe",2012,2017,0,90403,57776,86.7,60.08,25450,5228.14,18.1,0.191585
New Braunfels,"Comal, Guadalupe",2013,2017,0,90403,59620,86.64,59.94,25584,5228.14,15.9,0.195921
New Braunfels,"Comal, Guadalupe",2014,2017,0,90403,61712,87.88,60.73,26181,5228.14,14.6,0.23083
New Braunfels,"Comal, Guadalupe",2015,2017,0,90403,64076,88.77,59.37,26021,5228.14,15.2,0.245775
New Braunfels,"Comal, Guadalupe",2016,2017,0,90403,67097,89.67,60.15,27501,5228.14,14.2,0.258409
New Braunfels,"Comal, Guadalupe",2017,2017,1,90403,70317,90.3,60.75,29831,5228.14,15.7,0.325654
Northlake,Denton,2009,2015,0,5201,860,87.44,82.21,27266,6162.15,17.9,0.181996
Northlake,Denton,2010,2015,0,5201,1363,95.03,71.53,31353,6162.15,15.8,0.175965
Northlake,Denton,2011,2015,0,5201,1564,97.55,73.85,33172,6162.15,19.2,0.185339
Northlake,Denton,2012,2015,0,5201,1915,96.28,84.86,33336,6162.15,18.1,0.191585
Northlake,Denton,2013,2015,0,5201,2213,96.65,85.63,32452,6162.15,15.9,0.195921
Northlake,Denton,2014,2015,0,5201,2410,96.92,86.06,34193,6162.15,14.6,0.23083
Northlake,Denton,2015,2015,1,5201,2655,97.45,85.35,33394,6162.15,15.2,0.245775
Palmhurst,Hidalgo,2009,2017,0,2601,2665,79.16,11.33,26021,1450.17,17.9,0.181996
Palmhurst,Hidalgo,2010,2017,0,2601,2842,78.47,10.8,25851,1450.17,15.8,0.175965
Palmhurst,Hidalgo,2011,2017,0,2601,2768,68.16,11.63,26281,1450.17,19.2,0.185339
Palmhurst,Hidalgo,2012,2017,0,2601,2696,74.01,11.13,28347,1450.17,18.1,0.191585
Palmhurst,Hidalgo,2013,2017,0,2601,2608,74.74,11.54,26196,1450.17,15.9,0.195921
Palmhurst,Hidalgo,2014,2017,0,2601,2620,74.32,16.03,31077,1450.17,14.6,0.23083
Palmhurst,Hidalgo,2015,2017,0,2601,2642,78.2,12.68,33283,1450.17,15.2,0.245775
Palmhurst,Hidalgo,2016,2017,0,2601,2654,84.6,11.68,36161,1450.17,14.2,0.258409
Palmhurst,Hidalgo,2017,2017,1,2601,2702,85.54,12.99,37374,1450.17,15.7,0.325654
Palmview,Hidalgo,2009,2017,0,15830,5522,56.61,4.22,11860,619.97,17.9,0.181996
Palmview,Hidalgo,2010,2017,0,15830,5546,59.63,5.08,14066,619.97,15.8,0.175965
Palmview,Hidalgo,2011,2017,0,15830,5544,55.6,4.27,13300,619.97,19.2,0.185339
Palmview,Hidalgo,2012,2017,0,15830,5533,52.45,2.69,12691,619.97,18.1,0.191585
Palmview,Hidalgo,2013,2017,0,15830,5535,52.42,2.33,12725,619.97,15.9,0.195921
Palmview,Hidalgo,2014,2017,0,15830,5577,54.05,1.81,12840,619.97,14.6,0.23083
Palmview,Hidalgo,2015,2017,0,15830,5626,51.03,1.65,12377,619.97,15.2,0.245775
Palmview,Hidalgo,2016,2017,0,15830,5644,53.75,2.53,13288,619.97,14.2,0.258409
Palmview,Hidalgo,2017,2017,1,15830,5693,56.16,2.51,14173,619.97,15.7,0.325654
Patton Village,Montgomery,2009,2014,0,1647,1362,53.51,76.36,13520,1786.59,17.9,0.181996
Patton Village,Montgomery,2010,2014,0,1647,1219,55.12,73.83,13641,1786.59,15.8,0.175965
Patton Village,Montgomery,2011,2014,0,1647,1144,56.37,76.92,13722,1786.59,19.2,0.185339
Patton Village,Montgomery,2012,2014,0,1647,1424,51.28,72.33,13620,1786.59,18.1,0.191585
Patton Village,Montgomery,2013,2014,0,1647,1448,57.09,71.34,14314,1786.59,15.9,0.195921
Patton Village,Montgomery,2014,2014,1,1647,1541,58.97,62.82,14140,1786.59,14.6,0.23083
Penitas,Hidalgo,2009,2017,0,6460,1318,47.84,4.1,11160,857.92,17.9,0.181996
Penitas,Hidalgo,2010,2017,0,6460,4122,53.9,2.3,9849,857.92,15.8,0.175965
Penitas,Hidalgo,2011,2017,0,6460,4258,53.32,1.15,9629,857.92,19.2,0.185339
Penitas,Hidalgo,2012,2017,0,6460,4350,49.68,0.76,9486,857.92,18.1,0.191585
Penitas,Hidalgo,2013,2017,0,6460,4426,51.2,0.75,10609,857.92,15.9,0.195921
Penitas,Hidalgo,2014,2017,0,6460,4498,53.39,0.67,11458,857.92,14.6,0.23083
Penitas,Hidalgo,2015,2017,0,6460,4551,52.22,0.75,12213,857.92,15.2,0.245775
Penitas,Hidalgo,2016,2017,0,6460,4728,54.84,0.72,13120,857.92,14.2,0.258409
Penitas,Hidalgo,2017,2017,1,6460,4795,59.18,1.27,14288,857.92,15.7,0.325654
Port Isabel,Cameron,2009,2018,0,5028,5260,61.96,24.32,12001,927.4,17.9,0.181996
Port Isabel,Cameron,2010,2018,0,5028,5072,60.34,21.27,12017,927.4,15.8,0.175965
Port Isabel,Cameron,2011,2018,0,5028,5075,65.1,21.2,13027,927.4,19.2,0.185339
Port Isabel,Cameron,2012,2018,0,5028,5041,62.67,20.83,14710,927.4,18.1,0.191585
Port Isabel,Cameron,2013,2018,0,5028,5019,62.03,17.49,16315,927.4,15.9,0.195921
Port Isabel,Cameron,2014,2018,0,5028,5033,61.08,19.53,16890,927.4,14.6,0.23083
Port Isabel,Cameron,2015,2018,0,5028,5033,65.78,23.37,18080,927.4,15.2,0.245775
Port Isabel,Cameron,2016,2018,0,5028,5015,67.82,25.1,20037,927.4,14.2,0.258409
Port Isabel,Cameron,2017,2018,0,5028,5049,73.49,23.63,20496,927.4,15.7,0.325654
Port Isabel,Cameron,2018,2018,1,5028,5057,76.41,24.48,17804,927.4,14.4,0.364026
Port Lavaca,Calhoun,2009,2015,0,11557,11482,72.36,32.87,19748,1478.11,17.9,0.181996
Port Lavaca,Calhoun,2010,2015,0,11557,12147,74.97,34.48,19867,1478.11,15.8,0.175965
Port Lavaca,Calhoun,2011,2015,0,11557,12187,74.08,31.8,20595,1478.11,19.2,0.185339
Port Lavaca,Calhoun,2012,2015,0,11557,12224,72.56,31.09,20997,1478.11,18.1,0.191585
Port Lavaca,Calhoun,2013,2015,0,11557,12279,74.13,29.97,20749,1478.11,15.9,0.195921
Port Lavaca,Calhoun,2014,2015,0,11557,12289,76.88,31.6,21383,1478.11,14.6,0.23083
Port Lavaca,Calhoun,2015,2015,1,11557,12315,78.63,30.65,21797,1478.11,15.2,0.245775
Prairie View,Waller,2009,2017,0,8184,4476,82.9,5.76,13005,776.56,17.9,0.181996
Prairie View,Waller,2010,2017,0,8184,5254,82.81,0.74,12971,776.56,15.8,0.175965
Prairie View,Waller,2011,2017,0,8184,5395,84.46,4.15,12991,776.56,19.2,0.185339
Prairie View,Waller,2012,2017,0,8184,5553,83.07,4.23,12848,776.56,18.1,0.191585
Prairie View,Waller,2013,2017,0,8184,5702,80.2,10.68,9689,776.56,15.9,0.195921
Prairie View,Waller,2014,2017,0,8184,5890,79.76,10.75,8530,776.56,14.6,0.23083
Prairie View,Waller,2015,2017,0,8184,6064,80.7,8.44,7070,776.56,15.2,0.245775
Prairie View,Waller,2016,2017,0,8184,6209,79.5,6.99,5922,776.56,14.2,0.258409
Prairie View,Waller,2017,2017,1,8184,6286,79.35,7.13,5627,776.56,15.7,0.325654
Presidio,Presidio,2009,2013,0,3264,4716,35.45,3.97,14139,971.35,17.9,0.181996
Presidio,Presidio,2010,2013,0,3264,4363,37.26,3.83,12740,971.35,15.8,0.175965
Presidio,Presidio,2011,2013,0,3264,4367,32.74,3.96,13976,971.35,19.2,0.185339
Presidio,Presidio,2012,2013,0,3264,4349,39.75,4.99,13353,971.35,18.1,0.191585
Presidio,Presidio,2013,2013,1,3264,4296,34.0,2.54,12581,971.35,15.9,0.195921
Red Oak,Ellis,2009,2015,0,14222,8965,90.49,61.49,23870,1403.82,17.9,0.181996
Red Oak,Ellis,2010,2015,0,14222,9932,90.03,67.04,24461,1403.82,15.8,0.175965
Red Oak,Ellis,2011,2015,0,14222,10329,90.62,65.98,24823,1403.82,19.2,0.185339
Red Oak,Ellis,2012,2015,0,14222,10663,88.62,60.94,24075,1403.82,18.1,0.191585
Red Oak,Ellis,2013,2015,0,14222,10898,86.07,56.87,24985,1403.82,15.9,0.195921
Red Oak,Ellis,2014,2015,0,14222,11149,84.78,55.87,26176,1403.82,14.6,0.23083
Red Oak,Ellis,2015,2015,1,14222,11360,84.17,49.74,26564,1403.82,15.2,0.245775
Rio Grande City,Starr,2009,2018,0,15317,13673,53.56,2.22,11438,1257.77,17.9,0.181996
Rio Grande City,Starr,2010,2018,0,15317,13728,56.77,1.89,12885,1257.77,15.8,0.175965
Rio Grande City,Starr,2011,2018,0,15317,13784,57.75,2.92,13802,1257.77,19.2,0.185339
Rio Grande City,Starr,2012,2018,0,15317,13826,54.74,2.31,13855,1257.77,18.1,0.191585
Rio Grande City,Starr,2013,2018,0,15317,13905,56.78,2.28,14701,1257.77,15.9,0.195921
Rio Grande City,Starr,2014,2018,0,15317,14033,60.26,5.59,15232,1257.77,14.6,0.23083
Rio Grande City,Starr,2015,2018,0,15317,14154,59.77,1.23,15880,1257.77,15.2,0.245775
Rio Grande City,Starr,2016,2018,0,15317,14242,62.64,0.82,15784,1257.77,14.2,0.258409
Rio Grande City,Starr,2017,2018,0,15317,14310,61.4,0.72,16488,1257.77,15.7,0.325654
Rio Grande City,Starr,2018,2018,1,15317,14415,59.94,1.37,17870,1257.77,14.4,0.364026
Robinson,McLennan,2009,2017,0,12443,9883,88.9,85.24,26772,915.89,17.9,0.181996
Robinson,McLennan,2010,2017,0,12443,9967,89.22,85.0,27952,915.89,15.8,0.175965
Robinson,McLennan,2011,2017,0,12443,10225,89.57,84.13,28226,915.89,19.2,0.185339
Robinson,McLennan,2012,2017,0,12443,10524,89.61,81.59,27801,915.89,18.1,0.191585
Robinson,McLennan,2013,2017,0,12443,10813,89.45,80.26,28013,915.89,15.9,0.195921
Robinson,McLennan,2014,2017,0,12443,11051,90.96,80.65,27554,915.89,14.6,0.23083
Robinson,McLennan,2015,2017,0,12443,11214,91.89,78.97,27682,915.89,15.2,0.245775
Robinson,McLennan,2016,2017,0,12443,11344,91.78,80.91,29227,915.89,14.2,0.258409
Robinson,McLennan,2017,2017,1,12443,11453,92.18,79.3,30804,915.89,15.7,0.325654
Rosenberg,Fort Bend,2009,2011,0,38282,32304,71.0,25.88,17176,87.88,17.9,0.181996
Rosenberg,Fort Bend,2010,2011,0,38282,29344,72.71,24.48,18645,87.88,15.8,0.175965
Rosenberg,Fort Bend,2011,2011,1,38282,30145,72.23,23.78,19166,87.88,19.2,0.185339
San Angelo,Tom Green,2009,2017,0,99893,90606,80.35,54.94,20970,1357.52,17.9,0.181996
San Angelo,Tom Green,2010,2017,0,99893,91385,81.35,54.37,21827,1357.52,15.8,0.175965
San Angelo,Tom Green,2011,2017,0,99893,92334,81.49,53.62,22249,1357.52,19.2,0.185339
San Angelo,Tom Green,2012,2017,0,99893,93450,81.88,53.42,22684,1357.52,18.1,0.191585
San Angelo,Tom Green,2013,2017,0,99893,94812,82.13,52.91,23157,1357.52,15.9,0.195921
San Angelo,Tom Green,2014,2017,0,99893,96177,82.57,52.76,23884,1357.52,14.6,0.23083
San Angelo,Tom Green,2015,2017,0,99893,97595,82.88,52.28,24606,1357.52,15.2,0.245775
San Angelo,Tom Green,2016,2017,0,99893,98694,83.02,51.67,25474,1357.52,14.2,0.258409
San Angelo,Tom Green,2017,2017,1,99893,99135,84.13,50.91,26602,1357.52,15.7,0.325654
San Antonio,Bexar,2009,2019,0,1434625,1319492,78.91,28.98,21418,3973.2,17.9,0.181996
San Antonio,Bexar,2010,2019,0,1434625,1290196,79.48,27.47,21812,3973.2,15.8,0.175965
San Antonio,Bexar,2011,2019,0,1434625,1313155,79.75,27.25,22333,3973.2,19.2,0.185339
San Antonio,Bexar,2012,2019,0,1434625,1335287,79.95,26.83,22568,3973.2,18.1,0.191585
San Antonio,Bexar,2013,2019,0,1434625,1359033,80.75,26.56,22619,3973.2,15.9,0.195921
San Antonio,Bexar,2014,2019,0,1434625,1385438,81.12,26.3,22784,3973.2,14.6,0.23083
San Antonio,Bexar,2015,2019,0,1434625,1413881,81.44,25.98,22960,3973.2,15.2,0.245775
San Antonio,Bexar,2016,2019,0,1434625,1439358,81.6,25.49,23581,3973.2,14.2,0.258409
San Antonio,Bexar,2017,2019,0,1434625,1461623,81.99,25.07,24325,3973.2,15.7,0.325654
San Antonio,Bexar,2018,2019,0,1434625,1486521,82.03,24.78,25091,3973.2,14.4,0.364026
San Antonio,Bexar,2019,2019,1,1434625,1508083,82.39,24.68,25894,3973.2,14.6,0.425187
San Benito,Cameron,2009,2017,0,24861,24833,61.87,10.65,11709,1149.72,17.9,0.181996
San Benito,Cameron,2010,2017,0,24861,24309,61.07,8.93,12122,1149.72,15.8,0.175965
San Benito,Cameron,2011,2017,0,24861,24381,60.24,7.62,12971,1149.72,19.2,0.185339
San Benito,Cameron,2012,2017,0,24861,24355,59.89,7.07,12656,1149.72,18.1,0.191585
San Benito,Cameron,2013,2017,0,24861,24347,60.37,6.97,12489,1149.72,15.9,0.195921
San Benito,Cameron,2014,2017,0,24861,24447,62.87,6.36,12547,1149.72,14.6,0.23083
San Benito,Cameron,2015,2017,0,24861,24486,62.24,5.42,12565,1149.72,15.2,0.245775
San Benito,Cameron,2016,2017,0,24861,24442,64.77,5.7,12961,1149.72,14.2,0.258409
San Benito,Cameron,2017,2017,1,24861,24474,63.85,6.15,13292,1149.72,15.7,0.325654
San Juan,Hidalgo,2009,2017,0,35294,32529,50.95,4.4,10509,789.41,17.9,0.181996
San Juan,Hidalgo,2010,2017,0,35294,71,38.03,0.0,26825,789.41,15.8,0.175965
San Juan,Hidalgo,2011,2017,0,35294,33284,50.92,2.87,11195,789.41,19.2,0.185339
San Juan,Hidalgo,2012,2017,0,35294,33927,52.33,2.66,11530,789.41,18.1,0.191585
San Juan,Hidalgo,2013,2017,0,35294,197,39.09,0.0,5915,789.41,15.9,0.195921
San Juan,Hidalgo,2014,2017,0,35294,35183,55.54,1.88,13188,789.41,14.6,0.23083
San Juan,Hidalgo,2015,2017,0,35294,182,29.41,0.0,5262,789.41,15.2,0.245775
San Juan,Hidalgo,2016,2017,0,35294,35983,57.37,2.36,14278,789.41,14.2,0.258409
San Juan,Hidalgo,2017,2017,1,35294,73,38.1,0.0,5529,789.41,15.7,0.325654
San Marcos,"Hays, Caldwell",2009,2013,0,67553,49565,82.0,54.46,15251,3458.16,17.9,0.181996
San Marcos,"Hays, Caldwell",2010,2013,0,67553,43282,83.27,53.61,15021,3458.16,15.8,0.175965
San Marcos,"Hays, Caldwell",2011,2013,0,67553,44486,84.05,52.13,15060,3458.16,19.2,0.185339
San Marcos,"Hays, Caldwell",2012,2013,0,67553,46131,85.07,51.13,15247,3458.16,18.1,0.191585
San Marcos,"Hays, Caldwell",2013,2013,1,67553,48291,86.47,50.74,15916,3458.16,15.9,0.195921
Seagoville,"Dallas, Kaufman",2009,2016,0,18446,11588,72.61,56.92,18519,1351.79,17.9,0.181996
Seagoville,"Dallas, Kaufman",2010,2016,0,18446,14047,74.98,55.17,17757,1351.79,15.8,0.175965
Seagoville,"Dallas, Kaufman",2011,2016,0,18446,14400,74.93,50.68,17910,1351.79,19.2,0.185339
Seagoville,"Dallas, Kaufman",2012,2016,0,18446,14829,77.38,54.17,17070,1351.79,18.1,0.191585
Seagoville,"Dallas, Kaufman",2013,2016,0,18446,15099,78.3,47.76,18151,1351.79,15.9,0.195921
Seagoville,"Dallas, Kaufman",2014,2016,0,18446,15379,76.24,48.96,18529,1351.79,14.6,0.23083
Seagoville,"Dallas, Kaufman",2015,2016,0,18446,15558,72.16,46.21,16997,1351.79,15.2,0.245775
Seagoville,"Dallas, Kaufman",2016,2016,1,18446,15701,71.79,44.77,16973,1351.79,14.2,0.258409
Socorro,El Paso,2009,2014,0,34306,31240,51.95,1.59,10864,294.9,17.9,0.181996
Socorro,El Paso,2010,2014,0,34306,30975,55.28,1.75,11567,294.9,15.8,0.175965
Socorro,El Paso,2011,2014,0,34306,31544,55.01,1.65,11581,294.9,19.2,0.185339
Socorro,El Paso,2012,2014,0,34306,31912,54.75,1.62,12327,294.9,18.1,0.191585
Socorro,El Paso,2013,2014,0,34306,32227,55.23,1.6,12253,294.9,15.9,0.195921
Socorro,El Paso,2014,2014,1,34306,32623,56.51,1.89,11845,294.9,14.6,0.23083
Southlake,"Tarrant, Denton",2009,2016,0,31265,26054,97.99,89.3,63833,3124.38,17.9,0.181996
Southlake,"Tarrant, Denton",2010,2016,0,31265,25567,98.5,87.74,66433,3124.38,15.8,0.175965
Southlake,"Tarrant, Denton",2011,2016,0,31265,26194,98.4,87.79,67942,3124.38,19.2,0.185339
Southlake,"Tarrant, Denton",2012,2016,0,31265,26454,98.03,85.14,69213,3124.38,18.1,0.191585
Southlake,"Tarrant, Denton",2013,2016,0,31265,27006,98.04,84.7,71272,3124.38,15.9,0.195921
Southlake,"Tarrant, Denton",2014,2016,0,31265,27755,98.5,82.23,74380,3124.38,14.6,0.23083
Southlake,"Tarrant, Denton",2015,2016,0,31265,28361,98.31,81.01,78584,3124.38,15.2,0.245775
Southlake,"Tarrant, Denton",2016,2016,1,31265,29101,98.46,79.98,80903,3124.38,14.2,0.258409
St. Paul,Collin,2009,2010,0,992,1133,58.15,18.62,13776,227.14,17.9,0.181996
St. Paul,Collin,2010,2010,1,992,985,63.82,22.94,15702,227.14,15.8,0.175965
Sullivan City,Hidalgo,2009,2018,0,3908,4348,32.35,0.0,8574,1694.31,17.9,0.181996
Sullivan City,Hidalgo,2010,2018,0,3908,3998,33.19,0.0,7945,1694.31,15.8,0.175965
Sullivan City,Hidalgo,2011,2018,0,3908,4019,36.04,0.12,8606,1694.31,19.2,0.185339
Sullivan City,Hidalgo,2012,2018,0,3908,4026,36.21,0.25,7867,1694.31,18.1,0.191585
Sullivan City,Hidalgo,2013,2018,0,3908,4069,33.58,0.22,9306,1694.31,15.9,0.195921
Sullivan City,Hidalgo,2014,2018,0,3908,4087,41.54,1.05,9017,1694.31,14.6,0.23083
Sullivan City,Hidalgo,2015,2018,0,3908,4125,43.61,1.43,9793,1694.31,15.2,0.245775
Sullivan City,Hidalgo,2016,2018,0,3908,4140,45.7,1.71,11218,1694.31,14.2,0.258409
Sullivan City,Hidalgo,2017,2018,0,3908,4125,45.65,1.5,11997,1694.31,15.7,0.325654
Sullivan City,Hidalgo,2018,2018,1,3908,4141,43.4,2.0,12521,1694.31,14.4,0.364026
Sunnyvale,Dallas,2009,2014,0,7893,4296,93.59,67.99,39929,3182.42,17.9,0.181996
Sunnyvale,Dallas,2010,2014,0,7893,4647,89.46,66.54,42873,3182.42,15.8,0.175965
Sunnyvale,Dallas,2011,2014,0,7893,4860,90.05,67.86,44481,3182.42,19.2,0.185339
Sunnyvale,Dallas,2012,2014,0,7893,5114,89.83,68.87,40245,3182.42,18.1,0.191585
Sunnyvale,Dallas,2013,2014,0,7893,5310,89.71,70.87,37299,3182.42,15.9,0.195921
Sunnyvale,Dallas,2014,2014,1,7893,5480,91.62,67.32,40539,3182.42,14.6,0.23083
Tyler,Smith,2009,2016,0,105995,95307,83.1,53.19,25233,1728.42,17.9,0.181996
Tyler,Smith,2010,2016,0,105995,94671,83.67,52.6,27169,1728.42,15.8,0.175965
Tyler,Smith,2011,2016,0,105995,95974,84.27,52.28,27608,1728.42,19.2,0.185339
Tyler,Smith,2012,2016,0,105995,97125,84.01,51.75,27361,1728.42,18.1,0.191585
Tyler,Smith,2013,2016,0,105995,98335,84.08,50.43,27361,1728.42,15.9,0.195921
Tyler,Smith,2014,2016,0,105995,99344,84.5,49.78,26132,1728.42,14.6,0.23083
Tyler,Smith,2015,2016,0,105995,100806,83.57,48.51,25803,1728.42,15.2,0.245775
Tyler,Smith,2016,2016,1,105995,101946,83.72,49.29,25986,1728.42,14.2,0.258409
Universal City,Bexar,2009,2016,0,19720,17437,88.39,55.45,25454,1203.5,17.9,0.181996
Universal City,Bexar,2010,2016,0,19720,17705,88.6,54.65,25717,1203.5,15.8,0.175965
Universal City,Bexar,2011,2016,0,19720,18164,89.55,52.73,26161,1203.5,19.2,0.185339
Universal City,Bexar,2012,2016,0,19720,18502,89.72,52.68,26724,1203.5,18.1,0.191585
Universal City,Bexar,2013,2016,0,19720,18844,90.58,51.51,26643,1203.5,15.9,0.195921
Universal City,Bexar,2014,2016,0,19720,19164,90.92,52.33,27685,1203.5,14.6,0.23083
Universal City,Bexar,2015,2016,0,19720,19466,91.12,48.19,26559,1203.5,15.2,0.245775
Universal City,Bexar,2016,2016,1,19720,19733,91.26,48.7,27635,1203.5,14.2,0.258409
University Park,Dallas,2009,2018,0,25278,24352,98.81,90.44,66759,862.53,17.9,0.181996
University Park,Dallas,2010,2018,0,25278,22972,98.92,90.35,70398,862.53,15.8,0.175965
University Park,Dallas,2011,2018,0,25278,23076,99.08,90.03,69075,862.53,19.2,0.185339
University Park,Dallas,2012,2018,0,25278,23241,99.39,88.96,74101,862.53,18.1,0.191585
University Park,Dallas,2013,2018,0,25278,23460,99.45,90.17,77638,862.53,15.9,0.195921
University Park,Dallas,2014,2018,0,25278,23761,99.46,90.41,78203,862.53,14.6,0.23083
University Park,Dallas,2015,2018,0,25278,24101,99.57,88.17,79684,862.53,15.2,0.245775
University Park,Dallas,2016,2018,0,25278,24346,99.59,86.93,88634,862.53,14.2,0.258409
University Park,Dallas,2017,2018,0,25278,24692,99.69,86.46,93421,862.53,15.7,0.325654
University Park,Dallas,2018,2018,1,25278,24954,99.68,86.55,98397,862.53,14.4,0.364026
Waco,McLennan,2009,2015,0,138486,122731,74.01,47.6,17045,3107.6,17.9,0.181996
Waco,McLennan,2010,2015,0,138486,122212,75.48,46.37,17323,3107.6,15.8,0.175965
Waco,McLennan,2011,2015,0,138486,123584,75.69,45.53,18185,3107.6,19.2,0.185339
Waco,McLennan,2012,2015,0,138486,124843,76.93,44.54,17846,3107.6,18.1,0.191585
Waco,McLennan,2013,2015,0,138486,126406,77.6,44.66,18361,3107.6,15.9,0.195921
Waco,McLennan,2014,2015,0,138486,127796,77.81,44.13,18623,3107.6,14.6,0.23083
Waco,McLennan,2015,2015,1,138486,129193,79.21,43.8,19289,3107.6,15.2,0.245775
Waxahachie,Ellis,2009,2014,0,41140,27289,81.3,59.67,20814,2103.75,17.9,0.181996
Waxahachie,Ellis,2010,2014,0,41140,28276,82.72,60.28,21794,2103.75,15.8,0.175965
Waxahachie,Ellis,2011,2014,0,41140,29033,84.72,59.2,22351,2103.75,19.2,0.185339
Waxahachie,Ellis,2012,2014,0,41140,29760,85.45,61.09,23864,2103.75,18.1,0.191585
Waxahachie,Ellis,2013,2014,0,41140,30412,85.76,59.99,22906,2103.75,15.9,0.195921
Waxahachie,Ellis,2014,2014,1,41140,31045,87.21,58.01,23061,2103.75,14.6,0.23083
Weslaco,Hidalgo,2009,2017,0,40160,32960,65.3,16.26,14818,1078.55,17.9,0.181996
Weslaco,Hidalgo,2010,2017,0,40160,34544,67.96,17.8,15547,1078.55,15.8,0.175965
Weslaco,Hidalgo,2011,2017,0,40160,35217,67.92,16.67,15662,1078.55,19.2,0.185339
Weslaco,Hidalgo,2012,2017,0,40160,35720,68.41,15.98,15490,1078.55,18.1,0.191585
Weslaco,Hidalgo,2013,2017,0,40160,36273,69.02,15.05,15622,1078.55,15.9,0.195921
Weslaco,Hidalgo,2014,2017,0,40160,36752,67.96,14.61,15676,1078.55,14.6,0.23083
Weslaco,Hidalgo,2015,2017,0,40160,38666,66.61,12.61,15523,1078.55,15.2,0.245775
Weslaco,Hidalgo,2016,2017,0,40160,39021,67.65,11.66,17179,1078.55,14.2,0.258409
Weslaco,Hidalgo,2017,2017,1,40160,39420,70.97,11.0,17844,1078.55,15.7,0.325654
Whitehouse,Smith,2009,2019,0,8257,7518,87.61,92.58,22711,1093.21,17.9,0.181996
Whitehouse,Smith,2010,2019,0,8257,7355,87.82,90.71,22943,1093.21,15.8,0.175965
Whitehouse,Smith,2011,2019,0,8257,7515,93.1,92.26,25204,1093.21,19.2,0.185339
Whitehouse,Smith,2012,2019,0,8257,7635,97.19,91.49,25782,1093.21,18.1,0.191585
Whitehouse,Smith,2013,2019,0,8257,7766,97.01,93.25,25428,1093.21,15.9,0.195921
Whitehouse,Smith,2014,2019,0,8257,7882,96.33,92.59,24377,1093.21,14.6,0.23083
Whitehouse,Smith,2015,2019,0,8257,7994,94.51,89.79,25368,1093.21,15.2,0.245775
Whitehouse,Smith,2016,2019,0,8257,8069,92.15,89.71,24789,1093.21,14.2,0.258409
Whitehouse,Smith,2017,2019,0,8257,8140,87.52,83.18,25344,1093.21,15.7,0.325654
Whitehouse,Smith,2018,2019,0,8257,8303,88.4,79.09,25324,1093.21,14.4,0.364026
Whitehouse,Smith,2019,2019,1,8257,8489,87.86,75.72,26826,1093.21,14.6,0.425187
Wichita Falls,"Wichita, Archer",2009,2015,0,102316,101896,82.66,65.41,22090,1781.34,17.9,0.181996
Wichita Falls,"Wichita, Archer",2010,2015,0,102316,104066,81.96,63.94,22079,1781.34,15.8,0.175965
Wichita Falls,"Wichita, Archer",2011,2015,0,102316,103973,82.58,63.36,22426,1781.34,19.2,0.185339
Wichita Falls,"Wichita, Archer",2012,2015,0,102316,104152,83.91,62.72,22943,1781.34,18.1,0.191585
Wichita Falls,"Wichita, Archer",2013,2015,0,102316,104402,84.9,62.49,22635,1781.34,15.9,0.195921
Wichita Falls,"Wichita, Archer",2014,2015,0,102316,104771,85.26,62.11,22768,1781.34,14.6,0.23083
Wichita Falls,"Wichita, Archer",2015,2015,1,102316,104926,85.3,61.77,22594,1781.34,15.2,0.245775
Wolfforth,Lubbock,2009,2014,0,5521,3353,91.03,76.47,26647,969.38,17.9,0.181996
Wolfforth,Lubbock,2010,2014,0,5521,3467,89.36,70.46,26593,969.38,15.8,0.175965
Wolfforth,Lubbock,2011,2014,0,5521,3555,86.6,67.48,25529,969.38,19.2,0.185339
Wolfforth,Lubbock,2012,2014,0,5521,3686,86.82,63.75,25122,969.38,18.1,0.191585
Wolfforth,Lubbock,2013,2014,0,5521,3791,86.38,66.39,26147,969.38,15.9,0.195921
Wolfforth,Lubbock,2014,2014,1,5521,3891,84.53,60.37,21927,969.38,14.6,0.23083
Yoakum,Lavaca,2009,2016,0,5908,6200,61.38,40.94,15733,2793.6,17.9,0.181996
Yoakum,Lavaca,2010,2016,0,5908,6169,61.82,41.29,16625,2793.6,15.8,0.175965
Yoakum,Lavaca,2011,2016,0,5908,6028,59.48,37.39,18213,2793.6,19.2,0.185339
Yoakum,Lavaca,2012,2016,0,5908,6102,66.32,39.33,18068,2793.6,18.1,0.191585
Yoakum,Lavaca,2013,2016,0,5908,5514,65.71,40.91,16937,2793.6,15.9,0.195921
Yoakum,Lavaca,2014,2016,0,5908,5540,65.43,36.62,17482,2793.6,14.6,0.23083
Yoakum,Lavaca,2015,2016,0,5908,5483,68.14,35.51,17626,2793.6,15.2,0.245775
Yoakum,Lavaca,2016,2016,1,5908,5865,73.57,35.14,17399,2793.6,14.2,0.258409
